{"roll": 11.720000267028809, "intake manifold pressure": 765.8900146484375, "intake manifold #2 pressure": 258.0, "engine speed": 2075.5, "actual gear": 6.0, "x": 20482603.0, "y": 840000887.0, "z": 437416.0, "efhcargado": 2718333.0, "efhvacio": 3276555.0, "distancia_ruta_pendiente_grados": 50.510327547862005, "ambient air temperature": 33.0, "brake pump pressure": 65520.0}